symbol,isin
3IINFOLTD,INE748C01038
21STCENMGM,INE253B01015
360ONE,INE466L01038
20MICRONS,INE144J01027
3PLAND,INE105C01023
3MINDIA,INE470A01017
63MOONS,INE111B01023
A2ZINFRA,INE619I01012
5PAISA,INE618L01018
AAATECH,INE0D0U01013
AAREYDRUGS,INE198H01019
AAKASH,INE087Z01024
AADHARHFC,INE883F01010
AARTECH,INE01C001026
AARON,INE721Z01010
AARTIIND,INE769A01020
AARTIDRUGS,INE767A01016
AARTIPHARM,INE0LRU01027
AARTISURF,INE09EO01013
AARVEEDEN,INE273D01019
AAVAS,INE216P01012
ABAN,INE421A01028
AARVI,INE754X01016
ABB,INE117A01022
ABCAPITAL,INE674K01013
ABDL,INE552Z01027
ABBOTINDIA,INE358A01014
ABFRL,INE647O01011
ABMINTLLTD,INE251C01025
ABINFRA,INE00YB01017
ABREL,INE055A01016
ABSLAMC,INE404A01024
ACCELYA,INE793A01012
ACC,INE012A01025
ACCURACY,INE648Z01023
ACE,INE731H01025
ACI,INE128X01021
ACEINTEG,INE543V01017
ACL,INE666E01020
ACLGATI,INE152B01027
ADANIENSOL,INE931S01010
ACMESOLAR,INE622W01025
ADANIENT,INE423A01024
ADANIGREEN,INE364U01010
ADANIPORTS,INE742F01042
ADFFOODS,INE982B01027
ADANIPOWER,INE814H01011
ADL,INE0CHO01012
ADOR,INE045A01017
ADROITINFO,INE737B01033
ADSL,INE102I01027
ADVANIHOTR,INE199C01026
ADVENZYMES,INE837H01020
AEGISLOG,INE208C01025
AETHER,INE0BWX01014
AEROFLEX,INE024001021
AFCONS,INE101I01011
AFFLE,INE00WC01027
AFFORDABLE,INE692Z01013
AFIL,INE916Y01027
AFSL,INE00ZE01026
AGARIND,INE204E01012
AGARWALEYE,INE943P01029
AGI,INE415A01038
AGIIL,INE976R01025
AGRITECH,INE449G01018
AGROPHOS,INE740V01019
AGSTRA,INE583L01014
AHLADA,INE00PV01013
AHLEAST,INE926K01017
AHLUCONT,INE758C01029
AIIL,INE206F01022
AIAENG,INE212H01026
AIRAN,INE645W01026
AIROLAM,INE801L01010
AJANTPHARM,INE031B01049
AJAXENGG,INE274Y01021
AJOONI,INE820Y01021
AJMERA,INE298G01027
AKASH,INE737W01013
AKG,INE00Y801016
AKI,INE642Z01026
AKSHAR,INE256Z01025
AKSHARCHEM,INE542B01011
AKSHOPTFBR,INE523B01011
AKZOINDIA,INE133A01011
AKUMS,INE09XN01023
ALANKIT,INE914E01040
ALBERTDAVD,INE155C01010
ALEMBICLTD,INE426A01027
ALIVUS,INE03Q201024
ALICON,INE062D01024
ALKALI,INE773I01017
ALKEM,INE540L01014
ALKYLAMINE,INE150B01039
ALLCARGO,INE418H01029
ALLDIGI,INE835G01018
ALMONDZ,INE326B01035
ALPHAGEO,INE137C01018
ALOKINDS,INE270A01029
ALPA,INE385I01010
ALPSINDUS,INE093B01015
AMBER,INE371P01015
AMBICAAGAR,INE792B01012
AMBIKCO,INE540G01014
AMBUJACEM,INE079A01024
AMDIND,INE005I01014
AMIORG,INE00FF01025
AMJLAND,INE606A01024
AMNPLST,INE275D01022
AMRUTANJAN,INE098F01031
ANANDRATHI,INE463V01026
ANANTRAJ,INE242C01024
ANDHRAPAP,INE435A01051
ANDHRSUGAR,INE715B01021
ANIKINDS,INE087B01017
ANMOL,INE02AR01019
ANGELONE,INE732I01013
ANSALAPI,INE436A01026
ANUHPHR,INE489G01022
ANUP,INE294Z01018
ANTGRAPHIC,INE414B01021
ANURAS,INE930P01018
APARINDS,INE372A01015
APCL,INE071F01012
APEX,INE346W01013
APCOTEXIND,INE116A01032
APLAPOLLO,INE702C01027
APLLTD,INE901L01018
APOLLO,INE713T01028
APOLLOHOSP,INE437A01024
APOLLOPIPE,INE126J01016
APOLLOTYRE,INE438A01022
APTECHT,INE266F01018
APTUS,INE852O01025
APOLSINHOT,INE451F01024
ARCHIDPLY,INE877I01016
ARCHIES,INE731A01020
ARE&M,INE885A01032
ARENTERP,INE610C01014
ARIHANTSUP,INE643K01018
ARIES,INE298I01015
ARIHANTCAP,INE420B01036
ARKADE,INE0QRL01017
ARMANFIN,INE109C01017
AROGRANITE,INE210C01013
ARROWGREEN,INE570D01018
ARSHIYA,INE968D01022
ARTEMISMED,INE025R01021
ARTNIRMAN,INE738V01013
ARVEE,INE006Z01016
ARVINDFASN,INE955V01021
ARVSMART,INE034S01021
ARVIND,INE034A01011
ASAHIINDIA,INE439A01020
ASAHISONG,INE228I01012
ASALCBR,INE073G01016
ASAL,INE900C01027
ASHAPURMIN,INE348A01023
ASHIANA,INE365D01021
ASHOKAMET,INE760Y01011
ASHIMASYN,INE440A01010
ASHOKLEY,INE208A01029
ASIANENE,INE276G01015
ASIANHOTNR,INE363A01022
ASIANPAINT,INE021A01026
ASIANTILES,INE022I01019
ASKAUTOLTD,INE491J01022
ASMS,INE855F01042
ASPINWALL,INE991I01015
ASHOKA,INE442H01029
ASTEC,INE563J01010
ASTERDM,INE914M01019
ASTRAL,INE006I01046
ASTRAMICRO,INE386C01029
ASTRAZEN,INE203A01020
ASTRON,INE646X01014
ATAM,INE09KD01013
ATALREAL,INE0ALR01029
ATL,INE0NN701020
ATGL,INE399L01023
ATLANTAA,INE285H01022
ATUL,INE100A01010
ATLASCYCLE,INE446A01025
ATULAUTO,INE951D01028
AUBANK,INE949L01017
AUROPHARMA,INE406A01037
AURUM,INE898S01029
AURIONPRO,INE132H01018
AUSOMENT,INE218C01016
AVADHSUGAR,INE349W01017
AUTOIND,INE718H01014
AUTOAXLES,INE449A01011
AVALON,INE0LCL01028
AVANTEL,INE005B01027
AVG,INE680Z01018
AVANTIFEED,INE871C01038
AVL,INE679V01027
AVONMORE,INE323B01024
AVTNPL,INE488D01021
AVROIND,INE652Z01017
AWFIS,INE108V01019
AWHCL,INE01BK01022
AWL,INE699H01024
AXISCADES,INE555B01013
AXISBANK,INE238A01034
AXITA,INE02EZ01022
BAFNAPH,INE878I01022
AYMSYNTEX,INE193B01039
AZAD,INE02IJ01035
BAGFILMS,INE116D01028
BAJAJCON,INE933K01021
BAIDFIN,INE020D01022
BAJAJ-AUTO,INE917I01010
BAJAJELEC,INE193E01025
BAJAJFINSV,INE918I01026
BAJAJHFL,INE377Y01014
BAJAJHCARE,INE411U01027
BAJAJHIND,INE306A01021
BAJAJHLDNG,INE118A01012
BAJEL,INE0KQN01018
BAJAJINDEF,INE0O9T01021
BALAJEE,INE0S2G01011
BALAJITELE,INE794B01026
BAJFINANCE,INE296A01024
BALAMINES,INE050E01027
BALKRISHNA,INE875R01011
BALKRISIND,INE787D01026
BALMLAWRIE,INE164A01016
BALAXI,INE618N01022
BALUFORGE,INE011E01029
BANARBEADS,INE655B01011
BALRAMCHIN,INE119A01028
BALPHARMA,INE083D01012
BANARISUG,INE459A01010
BANCOINDIA,INE213C01025
BANG,INE863I01016
BANDHANBNK,INE545U01014
BANKA,INE862Y01015
BANKBARODA,INE028A01039
BANSALWIRE,INE0B9K01025
BANKINDIA,INE084A01016
BARBEQUE,INE382M01027
BANSWRAS,INE629D01020
BASF,INE373A01013
BASML,INE186H01022
BAYERCROP,INE462A01022
BATAINDIA,INE176A01028
BBL,INE464A01036
BBOX,INE676A01027
BBTCL,INE01EE01011
BBTC,INE050A01025
BCLIND,INE412G01024
BCONCEPTS,INE977Y01011
BECTORFOOD,INE495P01012
BEARDSELL,INE520H01022
BEDMUTHA,INE844K01012
BEL,INE263A01024
BEML,INE258A01016
BEPL,INE922A01025
BERGEPAINT,INE463A01038
BESTAGRO,INE052T01013
BFINVEST,INE878K01010
BFUTILITIE,INE243D01012
BGRENERGY,INE661I01014
BHAGCHEM,INE414D01027
BHAGYANGR,INE458B01036
BHAGERIA,INE354C01027
BHANDARI,INE474E01029
BHARATGEAR,INE561C01019
BHARATFORG,INE465A01025
BHARATRAS,INE838B01013
BHARATWIRE,INE316L01019
BHARTIARTL,INE397D01024
BHARTIHEXA,INE343G01021
BHEL,INE257A01026
BIGBLOC,INE412U01025
BIKAJI,INE00E101023
BIL,INE828A01016
BINANIIND,INE071A01013
BIOFILCHEM,INE829A01014
BIOCON,INE376G01013
BIRLACORPN,INE340A01012
BIRLACABLE,INE800A01015
BIRLAMONEY,INE865C01022
BIRLANU,INE557A01011
BLAL,INE0N7W01012
BLACKBUCK,INE0UIZ01018
BDL,INE171Z01026
BLISSGVS,INE416D01022
BLBLIMITED,INE791A01024
BLS,INE153T01027
BLSE,INE0NLT01010
BLKASHYAP,INE350H01032
BLUECHIP,INE657B01025
BLUECOAST,INE472B01011
BLUEDART,INE233B01017
BLUEJET,INE0KBH01020
BLUESTARCO,INE472A01039
BODALCHEM,INE338D01028
BOHRAIND,INE802W01023
BOROLTD,INE02PY01013
BOMDYEING,INE032A01023
BORORENEW,INE666D01022
BOSCHLTD,INE323A01026
BOROSCI,INE02L001032
BHARATSE,INE415D01024
BPCL,INE029A01011
BPL,INE110A01019
BRIGADE,INE791I01019
BRITANNIA,INE216A01030
BRNL,INE727S01012
BROOKS,INE650L01011
BSHSL,INE032Z01020
BSE,INE118H01025
BSL,INE594B01012
BSOFT,INE836A01035
BVCL,INE139I01011
BUTTERFLY,INE295F01017
BTML,INE0EEJ01023
BYKE,INE319B01014
CALSOFT,INE526B01014
CAMPUS,INE278Y01022
CAMLINFINE,INE052I01032
CAMS,INE596I01012
CANFINHOME,INE477A01020
CANTABIL,INE068L01024
CANBK,INE476A01022
CAPACITE,INE264T01014
CAPITALSFB,INE646H01017
CAPTRUST,INE707C01018
CAPLIPOINT,INE475E01026
CARBORUNIV,INE120A01034
CARRARO,INE0V7W01012
CARERATING,INE752H01013
CARTRADE,INE290S01011
CARYSIL,INE482D01024
CCCL,INE429I01024
CASTROLIND,INE172A01027
CCHHL,INE652F01027
CCL,INE421D01022
CEATLTD,INE482A01020
CDSL,INE736A01011
CEIGALL,INE0AG901020
CELEBRITY,INE185H01016
CELLO,INE0LMW01024
CENTENKA,INE485A01015
CENTEXT,INE281A01026
CENTRALBK,INE483A01010
CENTUM,INE320B01020
CENTURYPLY,INE348B01021
CENTRUM,INE660C01027
CEREBRAINT,INE345B01019
CERA,INE739E01017
CESC,INE486A01021
CEWATER,INE037Z01029
CGCL,INE180C01042
CGPOWER,INE067A01029
CHALET,INE427F01016
CHEMBOND,INE995D01025
CHAMBLFERT,INE085A01013
CHEMCON,INE03YM01018
CHEMFAB,INE783X01023
CHENNPETRO,INE178A01016
CHEMPLASTS,INE488A01050
CHOICEIN,INE102B01014
CHEVIOT,INE974B01016
CHOLAFIN,INE121A01024
CHOLAHLDNG,INE149A01033
CIEINDIA,INE536H01010
CIFL,INE345H01024
CINELINE,INE704H01022
CIGNITITEC,INE675C01017
CINEVISTA,INE039B01026
CIPLA,INE059A01026
CLEDUCATE,INE201M01029
CLEAN,INE227W01023
CLSEL,INE419D01026
CMSINFO,INE925R01014
COALINDIA,INE522F01014
COASTCORP,INE377E01024
COCHINSHIP,INE704P01025
COFFEEDAY,INE335K01011
COFORGE,INE591G01017
COMSYN,INE073V01015
COMPUSOFT,INE453B01029
COLPAL,INE259A01022
CONCORDBIO,INE338H01029
CONCOR,INE111A01025
CONFIPET,INE552D01024
CONSOFINVT,INE025A01027
CONTROLPR,INE663B01015
CORALFINAC,INE558D01021
CORDSCABLE,INE792I01017
COROMANDEL,INE169A01031
COSMOFIRST,INE757A01017
COUNCODOS,INE695B01025
CPCAP,INE521J01018
CRAFTSMAN,INE00LO01017
CREATIVE,INE985W01018
CREDITACC,INE741K01010
CREST,INE559D01011
CRISIL,INE007A01025
CREATIVEYE,INE230B01021
CROMPTON,INE299U01018
CROWN,INE491V01019
CSBBANK,INE679A01013
CSLFINANCE,INE718F01018
CTE,INE627H01017
CUB,INE491A01021
CUBEXTUB,INE144D01012
CUMMINSIND,INE298A01020
CUPID,INE509F01029
CURAA,INE117B01020
CYBERMEDIA,INE278G01037
CYIENT,INE136B01020
CYBERTECH,INE214A01019
CYIENTDLM,INE055S01018
DABUR,INE016A01026
DALBHARAT,INE00R701025
DALMIASUG,INE495A01022
DAMODARIND,INE497D01022
DANGEE,INE688Y01022
DAMCAPITAL,INE284H01025
DATAMATICS,INE365B01017
DATAPATTNS,INE0IX101010
DAVANGERE,INE179G01029
DBCORP,INE950I01011
DBEIL,INE0OPA01019
DBL,INE917M01012
DBOL,INE0I3401014
DBREALTY,INE879I01012
DBSTOCKBRO,INE921B01025
DCAL,INE385W01011
DCBBANK,INE503A01015
DCI,INE0A1101019
DCM,INE498A01018
DCMNVL,INE08KP01019
DCMSRIND,INE843D01027
DCMFINSERV,INE891B01012
DCMSHRIRAM,INE499A01024
DDEVPLSTIK,INE0HR601026
DCXINDIA,INE0KL801015
DCW,INE500A01029
DEEDEV,INE841L01016
DEEPAKNTR,INE288B01029
DEEPAKFERT,INE501A01019
DELPHIFX,INE726L01019
DEEPINDS,INE0FHS01024
DELHIVERY,INE148O01028
DELTACORP,INE124G01033
DELTAMAGNT,INE393A01011
DEN,INE947J01015
DENTA,INE0R4L01018
DENORA,INE244A01016
DEVIT,INE060X01026
DEVYANI,INE872J01023
DHAMPURSUG,INE041A01016
DGCONTENT,INE03JI01017
DHANBANK,INE680A01011
DHANI,INE274G01010
DHANUKA,INE435G01025
DHARMAJ,INE00OQ01016
DHUNINV,INE320L01011
DHRUV,INE506Z01015
DIAMINESQ,INE591D01014
DIACABS,INE989C01038
DIAMONDYD,INE393P01035
DICIND,INE303A01010
DIFFNKG,INE184O01015
DIGIDRIVE,INE0PSC01024
DIGISPICE,INE927C01020
DIGJAMLMTD,INE731U01028
DIL,INE411Y01011
DISHTV,INE836F01026
DIVGIITTS,INE753U01022
DIVISLAB,INE361B01024
DIXON,INE935N01020
DJML,INE0B1K01014
DLF,INE271C01023
DLINKINDIA,INE250K01012
DMCC,INE505A01010
DMART,INE192R01011
DNAMEDIA,INE016M01021
DECCANCE,INE583C01021
DOLATALGO,INE966A01022
DODLA,INE021O01019
DOLLAR,INE325C01035
DOLPHIN,INE920A01037
DOMS,INE321T01012
DONEAR,INE668D01028
DPABHUSHAN,INE266Y01019
DPSCLTD,INE360C01024
DRCSYSTEMS,INE03RS01027
DREDGECORP,INE506A01018
DPWIRES,INE864X01013
DREAMFOLKS,INE0JS101016
DRREDDY,INE089A01031
DSSL,INE417B01040
DTIL,INE341R01014
DUCON,INE741L01018
DVL,INE477B01010
DYNAMATECH,INE221B01012
DYCL,INE600Y01019
DWARKESH,INE366A01041
DYNPRO,INE256H01015
EASEMYTRIP,INE07O001026
E2E,INE255Z01019
ECLERX,INE738I01010
ECOSMOBLTY,INE06HJ01020
EICHERMOT,INE066A01021
EDELWEISS,INE532F01054
EIDPARRY,INE126A01031
EIEL,INE0LLY01014
EIHAHOTELS,INE276C01014
EIHOTEL,INE230A01023
EIFFL,INE546V01010
EIMCOELECO,INE158B01016
EKC,INE184H01027
ELDEHSG,INE668G01021
ELECON,INE205B01031
ELECTCAST,INE086A01029
ELECTHERM,INE822G01016
ELGIEQUIP,INE285A01027
ELGIRUBCO,INE819L01012
ELIN,INE050401020
EMAMIPAP,INE830C01026
EMAMILTD,INE548C01032
EMAMIREAL,INE778K01012
EMBDL,INE069I01010
EMIL,INE02YR01019
EMCURE,INE168P01015
EMMBI,INE753K01015
EMKAY,INE296H01011
EMSLIMITED,INE0OV601013
EMUDHRA,INE01QM01018
ENDURANCE,INE913H01037
ENERGYDEV,INE306C01019
ENIL,INE265F01028
ENGINERSIN,INE510A01028
EPACK,INE0G5901015
EPIGRAL,INE071N01016
ENTERO,INE010601016
EPL,INE255A01020
EQUIPPP,INE217G01035
ERIS,INE406M01024
EQUITASBNK,INE063P01018
ESABINDIA,INE284A01012
ESAFSFB,INE818W01011
ESSARSHPNG,INE122M01019
ESSENTIA,INE418N01035
ESTER,INE778B01029
ETERNAL,INE758T01015
ETHOSLTD,INE04TZ01018
EUREKAFORB,INE0KCE01017
EUROTEXIND,INE022C01012
EVERESTIND,INE295A01018
EVEREADY,INE128A01029
EXCEL,INE688J01023
EXCELINDUS,INE369A01029
EXICOM,INE777F01014
EXIDEIND,INE302A01020
EXPLEOSOL,INE201K01015
EXXARO,INE0GFE01026
FACT,INE188A01015
FAIRCHEMOR,INE0DNW01011
FAZE3Q,INE963C01033
FCL,INE045J01026
FCSSOFT,INE512B01022
FDC,INE258B01022
FEDERALBNK,INE171A01029
FEDFINA,INE007N01010
FEL,INE623B01027
FELDVR,IN9623B01058
FIBERWEB,INE296C01020
FIEMIND,INE737H01014
FILATEX,INE816B01035
FILATFASH,INE185E01021
FINEORG,INE686Y01026
FINCABLES,INE235A01022
FINOPB,INE02NC01014
FINPIPE,INE183A01024
FIRSTCRY,INE02RE01045
FIVESTAR,INE128S01021
FLAIR,INE00Y201027
FLEXITUFF,INE060J01017
FLUOROCHEM,INE09N301011
FMGOETZE,INE529A01010
FMNL,INE360L01017
FOCUS,INE593W01028
FOODSIN,INE976E01023
FORTIS,INE061F01013
FORCEMOT,INE451A01017
ESCORTS,INE042A01014
FOSECOIND,INE519A01011
FSC,INE935Q01015
FSL,INE684F01012
FUSION,INE139R01012
GABRIEL,INE524A01029
GAEL,INE036B01030
GALAPREC,INE0RE001014
GAIL,INE129A01019
GANDHAR,INE717W01049
GALLANTT,INE297H01019
GANDHITUBE,INE524B01027
GANECOS,INE845D01014
GANESHHOUC,INE460C01014
GANESHBE,INE388A01029
GANGESSECU,INE335W01016
GARFIBRES,INE276A01018
GANGAFORGE,INE691Z01023
GARUDA,INE0JVO01026
GATECH,INE224E01028
GATECHDVR,INE224E01036
GATEWAY,INE079J01017
GAYAHWS,INE287Z01012
GEECEE,INE916G01016
GEEKAYWIRE,INE669X01024
GENESYS,INE727B01026
GENCON,INE854S01022
GENUSPAPER,INE949P01018
GENSOL,INE06H201014
GENUSPOWER,INE955D01029
GEOJITFSL,INE007B01023
GEPIL,INE878A01011
GESHIP,INE017A01032
GFLLIMITED,INE538A01037
GHCL,INE539A01019
GHCLTEXTIL,INE0PA801013
GICHSGFIN,INE289B01019
GICRE,INE481Y01014
GILLANDERS,INE047B01011
GILLETTE,INE322A01010
GINNIFILA,INE424C01010
GKWLIMITED,INE528A01020
GIPCL,INE162A01010
GLAND,INE068V01023
GLAXO,INE159A01016
GLFL,INE540A01017
GLENMARK,INE935A01035
GLOBAL,INE291W01037
GLOBALE,INE0URU01010
GLOBALVECT,INE792H01019
GLOBE,INE581X01021
GLOBUSSPR,INE615I01010
GLOSTERLTD,INE350Z01018
GALAXYSURF,INE600K01018
GMDCLTD,INE131A01031
GMBREW,INE075D01018
GMMPFAUDLR,INE541A01023
GMRAIRPORT,INE776C01039
GNA,INE934S01014
GMRP&UI,INE0CU601026
GNFC,INE113A01013
GOCLCORP,INE077F01035
GOACARBON,INE426D01013
GOCOLORS,INE0BJS01011
GODAVARIB,INE497S01012
GODFRYPHLP,INE260B01028
GODHA,INE925Y01036
GODIGIT,INE03JT01014
GODREJAGRO,INE850D01014
GODREJIND,INE233A01035
GODREJPROP,INE484J01027
GODREJCP,INE102D01028
GOENKA,INE516K01024
GOKUL,INE020J01029
GOKEX,INE887G01027
GOKULAGRO,INE314T01025
GOLDENTOBC,INE973A01010
GOLDIAM,INE025B01025
GOLDTECH,INE805A01014
GOODLUCK,INE127I01024
GOPAL,INE0L9R01028
GOYALALUM,INE705X01026
GPPL,INE517F01014
GPIL,INE177H01039
GPTHEALTH,INE486R01017
GPTINFRA,INE390G01014
GRANULES,INE101D01020
GRASIM,INE047A01021
GRAPHITE,INE371A01025
GRAVITA,INE024L01027
GREAVESCOT,INE224A01026
GREENPANEL,INE08ZM01014
GREENLAM,INE544R01021
GREENPLY,INE461C01038
GREENPOWER,INE999K01014
GRINFRA,INE201P01022
GRINDWELL,INE536A01023
GRMOVER,INE192H01020
GRSE,INE382Z01011
GRWRHITECH,INE291A01017
GRPLTD,INE137I01015
GSFC,INE026A01025
GSPL,INE246F01010
GSLSU,INE0JSX01015
GSS,INE871H01011
GTECJAINX,INE586X01012
GTL,INE043A01012
GTLINFRA,INE221H01019
GTPL,INE869I01013
GUFICBIO,INE742B01025
GUJAPOLLO,INE826C01016
GUJALKALI,INE186A01019
GUJGASLTD,INE844O01030
GUJRAFFIA,INE610B01024
GUJTHEM,INE942C01045
GULFOILLUB,INE635Q01029
GULFPETRO,INE586G01017
GULPOLY,INE255D01024
GVKPIL,INE251H01024
GVPTECH,INE382T01030
GVT&D,INE200A01026
HAL,INE066F01020
HAPPYFORGE,INE330T01021
HAPPSTMNDS,INE419U01012
HARDWYN,INE626Z01029
HARIOMPIPE,INE00EV01017
HARRMALAYA,INE544A01019
HARSHA,INE0JUS01029
HATHWAY,INE982F01036
HAVELLS,INE176B01034
HATSUN,INE473B01035
HAVISHA,INE293B01029
HBSL,INE550B01022
HBLENGINE,INE292B01021
HCC,INE549A01026
HCG,INE075I01017
HCL-INSYS,INE236A01020
HCLTECH,INE860A01027
HDFCBANK,INE040A01034
HDFCAMC,INE127D01025
HDFCLIFE,INE795G01014
GROBTEA,INE646C01018
HECPROJECT,INE558R01013
HEG,INE545A01024
HEIDELBERG,INE578A01017
HEMIPROP,INE0AJG01018
HERANBA,INE694N01015
HERCULES,INE688E01024
HERITGFOOD,INE978A01027
HEROMOTOCO,INE158A01026
HEUBACHIND,INE492A01029
HESTERBIO,INE782E01017
HEXATRADEX,INE750M01017
HFCL,INE548A01028
HGINFRA,INE926X01010
HGS,INE170I01016
HIKAL,INE475B01022
HILTON,INE788H01017
HIMATSEIDE,INE049A01027
HINDALCO,INE038A01020
HINDCOMPOS,INE310C01029
HINDCON,INE642Y01029
HINDCOPPER,INE531E01026
HINDNATGLS,INE952A01022
HINDOILEXP,INE345A01011
HINDPETRO,INE094A01015
HINDUNILVR,INE030A01027
HINDWAREAP,INE05AN01011
HEADSUP,INE759V01019
HINDZINC,INE267A01025
HIRECT,INE835D01023
HITECH,INE106T01025
HISARMETAL,INE598C01011
HITECHCORP,INE120D01012
HITECHGEAR,INE127B01011
HLEGLAS,INE461D01028
HEXT,INE093A01041
HLVLTD,INE102A01024
HMT,INE262A01018
HMAAGRO,INE0ECP01024
HMVL,INE871K01015
HNDFDS,INE254N01026
HOMEFIRST,INE481N01025
HONASA,INE0J5401028
HONAUT,INE671A01010
HOVS,INE596H01014
HONDAPOWER,INE634A01018
HPAL,INE0GSL01024
HPIL,INE05X901010
HPL,INE495S01016
HTMEDIA,INE501G01024
HSCL,INE019C01026
HUBTOWN,INE703H01016
HINDMOTORS,INE253A01025
HUHTAMAKI,INE275B01026
HUDCO,INE031A01017
HYBRIDFIN,INE965B01022
HYUNDAI,INE0V6F01027
ICDSLTD,INE613B01010
ICEMAKE,INE520Y01019
ICICIBANK,INE090A01021
ICICIGI,INE765G01017
ICICIPRULI,INE726G01019
ICIL,INE483B01026
ICRA,INE725G01011
IDBI,INE008A01015
IDEA,INE669E01016
IDEAFORGE,INE349Y01013
IDFCFIRSTB,INE092T01019
IEL,INE059901020
IEX,INE022Q01020
IFBAGRO,INE076C01018
IFBIND,INE559A01017
IFGLEXPOR,INE133Y01011
IFCI,INE039A01010
IGARASHI,INE188B01013
IGIL,INE0Q9301021
IGL,INE203G01027
IGPL,INE204A01010
IIFL,INE530B01024
IIFLCAPS,INE489L01022
IKIO,INE0LOJ01019
IITL,INE886A01014
IKS,INE115Q01022
IL&FSENGG,INE369I01014
IMAGICAA,INE172N01012
IL&FSTRANS,INE975G01012
IMFA,INE919H01018
IMPAL,INE547E01014
IMPEXFERRO,INE691G01015
INCREDIBLE,INE452L01012
INDGN,INE065X01017
INDBANK,INE841B01017
INDHOTEL,INE053A01029
INDIACEM,INE383A01012
INDIAGLYCO,INE560A01015
INDIAMART,INE933S01016
INDIANB,INE562A01011
INDIANCARD,INE061A01014
INDIANHUME,INE323C01030
INDIASHLTR,INE922K01024
INDIGOPNTS,INE09VQ01012
INDIGO,INE646L01027
INDNIPPON,INE092B01025
INDOAMIN,INE760F01028
INDOFARM,INE622H01018
INDORAMA,INE156A01020
INDOCO,INE873D01024
INDOBORAX,INE803D01021
INDOTECH,INE332H01014
INDOSTAR,INE896L01010
INDOTHAI,INE337M01013
INDOUS,INE250Z01010
INDOWIND,INE227G01018
INDSWFTLAB,INE915B01019
INDRAMEDCO,INE681B01017
INDSWFTLTD,INE788B01028
INDTERRAIN,INE611L01021
INDUSINDBK,INE095A01012
INDUSTOWER,INE121J01017
INFIBEAM,INE483S01020
INFOBEAN,INE344S01016
INFOMEDIA,INE669A01022
INGERRAND,INE177A01018
INFY,INE009A01021
INNOVACAP,INE0DUT01020
INOXGREEN,INE510W01014
INNOVANA,INE403Y01018
INOXINDIA,INE616N01034
INOXWIND,INE066P01011
INSPIRISYS,INE020G01017
INTELLECT,INE306R01017
INSECTICID,INE070I01018
INTERARCH,INE00M901018
INTENTECH,INE781A01025
INVENTURE,INE878H01024
INTLCONV,INE575C01027
IOB,INE565A01014
IOC,INE242A01010
IOLCP,INE485C01029
IONEXCHANG,INE570A01022
IPL,INE0D6701023
IRB,INE821I01022
IPCALAB,INE571A01038
IRCON,INE962Y01021
IRCTC,INE335Y01020
IRFC,INE053F01010
IREDA,INE202E01016
IRIS,INE864K01010
IRISDOREME,INE01GN01025
IRMENERGY,INE07U701015
ISFT,INE566K01011
ISGEC,INE858B01029
ISHANCH,INE561M01018
ITC,INE154A01025
ITCHOTELS,INE379A01028
ITDC,INE353K01014
ITDCEM,INE686A01026
ITI,INE248A01017
IVP,INE043C01018
IWEL,INE0FLR01028
IZMO,INE848A01014
J&KBANK,INE168A01041
JAGRAN,INE199G01027
JAGSNPHARM,INE048B01035
JAIBALAJI,INE091G01026
JAICORPLTD,INE070D01027
JAMNAAUTO,INE039C01032
JAIPURKURT,INE696V01013
JAYAGROGN,INE785A01026
JASH,INE039O01029
JAYBARMARU,INE571B01036
JAYNECOIND,INE854B01010
JAYSREETEA,INE364A01020
JBCHEPHARM,INE572A01036
JBMA,INE927D01051
JCHAC,INE782A01015
JETFREIGHT,INE982V01025
JGCHEM,INE0MB501011
JHS,INE544H01014
JINDALPOLY,INE197D01010
JINDALPHOT,INE796G01012
JINDALSAW,INE324A01032
JINDALSTEL,INE749A01030
JINDRILL,INE742C01031
JINDWORLD,INE247D01039
JIOFIN,INE758E01017
JISLDVREQS,IN9175A01010
JISLJALEQS,INE175A01038
JITFINFRA,INE863T01013
IVC,INE050B01023
JKCEMENT,INE823G01014
JKIL,INE576I01022
IXIGO,INE0HV901016
JKTYRE,INE573A01042
JKLAKSHMI,INE786A01032
JKPAPER,INE789E01012
JLHL,INE682M01012
JMFINANCIL,INE780C01023
JMA,INE412C01023
JNKINDIA,INE0OAF01028
JOCIL,INE839G01010
JSFB,INE953L01027
JPPOWER,INE351F01018
JPOLYINVST,INE147P01019
JSL,INE220G01021
JSWSTEEL,INE019A01038
JSWENERGY,INE121E01018
JSWHL,INE824G01012
JSWINFRA,INE880J01026
JTEKTINDIA,INE643A01035
JUBLCPL,INE03CC01015
JUBLFOOD,INE797F01020
JTLIND,INE391J01032
JUBLINGREA,INE0BY001018
JUNIPER,INE696F01016
JUSTDIAL,INE599M01018
JUBLPHARMA,INE700A01033
JWL,INE209L01016
JYOTHYLAB,INE668F01031
JYOTICNC,INE980O01024
KABRAEXTRU,INE900B01029
JYOTISTRUC,INE197A01024
KAJARIACER,INE217B01036
KAKATCEM,INE437B01014
KALYANI,INE610E01010
KALAMANDIR,INE438K01021
KALYANKJIL,INE303R01014
KALYANIFRG,INE314G01014
KAMATHOTEL,INE967C01018
KAMDHENU,INE390H01020
KAMOPAINTS,INE0BTI01037
KANANIIND,INE879E01037
KANORICHEM,INE138C01024
KANPRPLA,INE694E01014
KANSAINER,INE531A01024
KAPSTON,INE542Z01028
KARMAENG,INE725L01011
KAUSHALYA,INE234I01028
KARURVYSYA,INE036D01028
KAYA,INE587G01015
KAYNES,INE918Z01012
KBCGLOBAL,INE278R01034
KCP,INE805C01028
KCPSUGIND,INE790B01024
KDDL,INE291D01011
KEC,INE389H01022
KECL,INE134B01017
KEEPLEARN,INE055C01020
KELLTONTEC,INE164B01022
KEI,INE878B01027
KERNEX,INE202H01019
KEYFINSERV,INE681C01015
KFINTECH,INE138Y01010
KESORAMIND,INE087A01019
KHADIM,INE834I01025
KHAICHEM,INE745B01028
KHANDSE,INE060B01014
KHAITANLTD,INE731C01018
KICL,INE029L01018
KILITCH,INE729D01010
KIMS,INE967H01025
KINGFA,INE473D01015
KIOCL,INE880L01014
KIRLOSBROS,INE732A01036
KIRIINDUS,INE415I01015
KIRLOSENG,INE146L01010
KIRLOSIND,INE250A01039
KIRLPNU,INE811A01020
KITEX,INE602G01020
KKCL,INE401H01017
KMEW,INE0CJD01011
KMSUGAR,INE157H01023
KNRCON,INE634I01029
KOHINOOR,INE080B01012
KOKUYOCMLN,INE760A01029
KOLTEPATIL,INE094I01018
KOPRAN,INE082A01010
KOTAKBANK,INE237A01028
KOTARISUG,INE419A01022
KOTHARIPET,INE720A01015
KAVVERITEL,INE641C01019
KOTHARIPRO,INE823A01017
KPEL,INE127T01021
KPIGREEN,INE542W01025
KPIL,INE220B01022
KPITTECH,INE04I401011
KPRMILL,INE930H01031
KRBL,INE001B01026
KRIDHANINF,INE524L01026
KREBSBIO,INE268B01013
KRISHANA,INE506W01012
KRITINUT,INE798K01010
KRITI,INE479D01038
KRITIKA,INE00Z501029
KRN,INE0Q3J01015
KROSS,INE0O6601022
KRSNAA,INE08LI01020
KRYSTAL,INE0QN801017
KRONOX,INE0ATZ01017
KSB,INE999A01023
KSCL,INE455I01029
KSHITIJPOL,INE013801027
KSL,INE907A01026
KSOLVES,INE0D6I01023
KTKBANK,INE614B01018
LAGNAM,INE548Z01017
KUANTUM,INE529I01021
LAKPRE,INE651C01018
LALPATHLAB,INE600L01024
LAL,INE740X01023
LAMBODHARA,INE112F01022
LANCORHOL,INE572G01025
LANDMARK,INE559R01029
LAOPALA,INE059D01020
LASA,INE670X01014
LATENTVIEW,INE0I7C01011
LATTEYS,INE262Z01023
LAURUSLABS,INE947Q01028
LAXMICOT,INE801V01019
LAXMIDENTL,INE0WO601020
LCCINFOTEC,INE938A01021
LEMONTREE,INE970X01018
LGBBROSLTD,INE337A01034
LEXUS,INE500X01013
LFIC,INE850E01012
LGHL,INE258Y01016
LIBERTSHOE,INE557B01019
LIBAS,INE908V01012
LICHSGFIN,INE115A01026
LICI,INE0J1Y01017
LIKHITHA,INE060901027
LINC,INE802B01027
LINCOLN,INE405C01035
LLOYDSENGG,INE093R01011
LINDEINDIA,INE473A01011
LLOYDSENT,INE080I01025
LLOYDSME,INE281B01032
LMW,INE269B01029
LOKESHMACH,INE397H01017
LODHA,INE670K01029
LORDSCHLO,INE846D01012
LOTUSEYE,INE947I01017
LOVABLE,INE597L01014
LOYALTEX,INE970D01010
LPDC,INE197J01017
LTFOODS,INE818H01020
LT,INE018A01030
LTF,INE498L01015
LTIM,INE214T01019
LTTS,INE010V01017
LUMAXIND,INE162B01018
LUMAXTECH,INE872H01027
LUPIN,INE326A01037
LUXIND,INE150G01020
LYKALABS,INE933A01014
LYPSAGEMS,INE142K01011
LXCHEM,INE576O01020
M&M,INE101A01026
MAANALU,INE215I01027
MACPOWER,INE155Z01011
MADHAV,INE925C01016
M&MFIN,INE774D01024
MADRASFERT,INE414A01015
MAGADSUGAR,INE347W01011
MAGNUM,INE387I01016
MADHUCON,INE378D01032
MAHASTEEL,INE451L01014
MAHABANK,INE457A01014
MAHAPEXLTD,INE843B01013
MAHEPC,INE215D01010
MAHESHWARI,INE263W01010
MAHSCOOTER,INE288A01013
MAHLIFE,INE813A01018
MAHLOG,INE766P01016
MAHSEAMLES,INE271B01025
MALLCOM,INE389C01015
MAITHANALL,INE683C01011
MALUPAPER,INE383H01017
MAMATA,INE0TO701015
MANAKALUCO,INE859Q01017
MANAKCOAT,INE830Q01018
MANAKSIA,INE015D01022
MANAKSTEEL,INE824Q01011
MANALIPETC,INE201A01024
MANAPPURAM,INE522D01027
MANBA,INE939X01013
MANCREDIT,INE545L01039
MANGLMCEM,INE347A01017
MANGCHEFER,INE558B01017
MANGALAM,INE584F01014
MANINDS,INE993A01026
MANOMAY,INE784W01015
MANINFRA,INE949H01023
MANKIND,INE634S01028
MANUGRAPH,INE867A01022
MANORG,INE370D01013
MANYAVAR,INE825V01034
MAPMYINDIA,INE0BV301023
MARALOVER,INE882A01013
MARATHON,INE182D01020
MARINE,INE01JE01028
MARICO,INE196A01026
MARKSANS,INE750C01026
MARSHALL,INE00SZ01018
MARUTI,INE585B01010
MASKINVEST,INE885F01015
MASTEK,INE759A01021
MASTERTR,INE677D01037
MATRIMONY,INE866R01028
MAWANASUG,INE636A01039
MAXESTATES,INE03EI01018
MAXHEALTH,INE027H01010
MASFIN,INE348L01012
MAYURUNIQ,INE040D01038
MAXIND,INE0CG601016
MAZDA,INE885E01042
MAZDOCK,INE249Z01020
MBAPL,INE900L01010
MBLINFRA,INE912H01013
MCLEODRUSS,INE942G01012
MCL,INE813V01022
MCLOUD,INE613C01026
MEDANTA,INE474Q01031
MCX,INE745G01035
MEDIASSIST,INE456Z01021
MEDICO,INE630Y01024
MEDICAMEQ,INE646B01010
MEDPLUS,INE804L01022
MEGASOFT,INE933B01012
MEGASTAR,INE00EM01016
MENONBE,INE071D01033
MEP,INE776I01010
METROBRAND,INE317I01021
METROPOLIS,INE112L01020
MFML,INE0US801024
MFSL,INE180A01020
MANORAMA,INE00VM01036
MGEL,INE0APB01032
MGL,INE002S01010
MHLXMIRU,INE112D01035
MHRIL,INE998I01010
MICEL,INE287C01037
MIDHANI,INE099Z01011
MINDACORP,INE842C01021
MINDTECK,INE110B01017
MIRCELECTR,INE831A01028
MIRZAINT,INE771A01026
MITTAL,INE997Y01027
MITCON,INE828O01033
MKPL,INE964W01021
MMFL,INE227C01017
MOBIKWIK,INE0HLU01028
MMP,INE511Y01018
MMTC,INE123F01029
MODIRUBBER,INE832A01018
MOHITIND,INE954E01012
MODISONLTD,INE737D01021
MODTHREAD,INE794W01014
MOIL,INE490G01020
MOKSH,INE514Y01020
MOLDTECH,INE835B01035
MOL,INE0CT101020
MOLDTKPAC,INE893J01029
MONARCH,INE903D01011
MOREPENLAB,INE083A01026
MOTHERSON,INE775A01035
MOSCHIP,INE935B01025
MONTECARLO,INE950M01013
MOTOGENFIN,INE861B01023
MOTISONS,INE0FRK01020
MPHASIS,INE356A01018
MPSLTD,INE943D01017
MRF,INE883A01011
MRPL,INE103A01014
MSPL,INE752G01015
MSTCLTD,INE255X01014
MSUMI,INE0FS801015
MOTILALOFS,INE338I01027
MTEDUCARE,INE472M01018
MTARTECH,INE864I01014
MTNL,INE153A01019
MUFIN,INE08KJ01020
MUFTI,INE220Q01020
MUKANDLTD,INE304A01026
MUKTAARTS,INE374B01019
MUKKA,INE0CG401037
MUNJALAU,INE672B01032
MUNJALSHOW,INE577A01027
MURUDCERA,INE692B01014
MUTHOOTCAP,INE296G01013
MUTHOOTFIN,INE414G01012
MUTHOOTMF,INE046W01019
MVGJL,INE0KNT01012
NACLIND,INE295D01020
NAGAFERT,INE454M01024
NAGREEKCAP,INE245I01016
NAGREEKEXP,INE123B01028
NAHARCAP,INE049I01012
NAHARPOLY,INE308A01027
NAHARINDUS,INE289A01011
NAHARSPING,INE290A01027
NAM-INDIA,INE298J01013
NATCOPHARM,INE987B01026
NATCAPSUQ,INE936B01015
NATHBIOGEN,INE448G01010
NATIONALUM,INE139A01034
NAUKRI,INE663F01024
NAVA,INE725A01030
NAVINFLUOR,INE048G01026
NAVKARCORP,INE278M01019
NAVKARURB,INE268H01036
NARMADA,INE117Z01011
NAVNETEDUL,INE060A01024
NBCC,INE095N01031
NBIFIN,INE365I01020
NCC,INE868B01028
NCLIND,INE732C01016
NDGL,INE756C01015
NDL,INE875G01048
NDLVENTURE,INE353A01023
NDRAUTO,INE07OG01012
NECCLTD,INE553C01016
NECLIFE,INE023H01027
NELCAST,INE189I01024
NELCO,INE045B01015
NEOGEN,INE136S01016
NESCO,INE317F01035
NESTLEIND,INE239A01024
NETWEB,INE0NT901020
NETWORK18,INE870H01013
NEULANDLAB,INE794A01010
NEWGEN,INE619B01017
NFL,INE870D01012
NEXTMEDIA,INE747B01016
NGIL,INE236Y01012
NGLFINE,INE887E01022
NHPC,INE848E01016
NH,INE410P01011
NIBE,INE149O01018
NIACL,INE470Y01017
NIITLTD,INE161A01038
NIBL,INE047O01014
NIITMTS,INE342G01023
NILAINFRA,INE937C01029
NAZARA,INE418L01021
NILASPACES,INE00S901012
NILKAMAL,INE310A01015
NIPPOBATRY,INE567A01028
NINSYS,INE395U01014
NIRAJ,INE368I01016
NIRAJISPAT,INE326T01011
NITCO,INE858F01012
NDTV,INE155G01029
NITINSPIN,INE229H01012
NITIRAJ,INE439T01012
NIVABUPA,INE995S01015
NKIND,INE542C01019
NMDC,INE584A01023
NLCINDIA,INE589A01014
NOCIL,INE163A01018
NOIDATOLL,INE781B01015
NORBTEAEXP,INE369C01017
NORTHARC,INE850M01015
NOVAAGRI,INE02H701025
NPST,INE0FFK01017
NRAIL,INE740D01017
NRL,INE0JM501013
NRBBEARING,INE349A01021
NSLNISP,INE0NNS01018
NSIL,INE023A01030
NURECA,INE0DSF01015
NTPC,INE733E01010
NTPCGREEN,INE0ONG01011
NUCLEUS,INE096B01018
NUVAMA,INE531F01015
NUVOCO,INE118D01016
OAL,INE959C01023
NYKAA,INE388Y01029
OBEROIRLTY,INE093I01010
OBCL,INE426Z01016
OCCLLTD,INE0PK601023
OCCL,INE321D01016
OFSS,INE881D01027
ODIGMA,INE054301028
OILCOUNTUB,INE591A01010
OIL,INE274J01014
OLAELEC,INE0LXG01040
OLECTRA,INE260D01016
OMAXAUTO,INE090B01011
OMAXE,INE800H01010
OMINFRAL,INE239D01028
ONELIFECAP,INE912L01015
OMKARCHEM,INE474L01016
ONEPOINT,INE840Y01029
ONESOURCE,INE013P01021
ONGC,INE213A01029
ONMOBILE,INE809I01019
OPTIEMUS,INE350C01017
ONWARDTEC,INE229A01017
ORBTEXP,INE231G01010
ORCHASP,INE215B01022
ORCHPHARMA,INE191A01027
ORICONENT,INE730A01022
ORIENTBELL,INE607D01018
ORIENTALTL,INE998H01012
ORIENTCEM,INE876N01018
ORIENTELEC,INE142Z01019
ORIENTHOT,INE750A01020
ORIENTCER,INE569C01020
ORIENTLTD,INE609C01024
ORIENTPPR,INE592A01026
ORIENTTECH,INE0PPK01015
ORISSAMINE,INE725E01024
ORTEL,INE849L01019
ORTINGLOBE,INE749B01020
OSIAHYPER,INE06IR01021
OSWALAGRO,INE142A01012
OSWALGREEN,INE143A01010
PAGEIND,INE761H01022
OSWALSEEDS,INE00IK01029
PAISALO,INE420C01059
PAKKA,INE551D01018
PALASHSECU,INE471W01019
PALREDTEC,INE218G01033
PANACEABIO,INE922B01023
PANACHE,INE895W01019
PANAMAPET,INE305C01029
PAR,INE04LG01015
PANSARI,INE697V01011
PARACABLES,INE074B01023
PARADEEP,INE088F01024
PARAGMILK,INE883N01014
PARAS,INE045601015
PARASPETRO,INE162C01024
PARKHOTELS,INE988S01028
PARSVNATH,INE561H01026
PASUPTAC,INE818B01023
PATANJALI,INE619A01035
PATELENG,INE244B01030
PATINTLOG,INE529D01014
PAVNAIND,INE07S101020
PAYTM,INE982J01020
PCBL,INE602A01031
PDMJEPAPER,INE865T01018
PDSL,INE111Q01021
PCJEWELLER,INE785M01021
PEARLPOLY,INE844A01013
PEL,INE140A01024
PENINLAND,INE138A01028
PENIND,INE932A01024
PERSISTENT,INE262H01021
PFC,INE134E01011
PFIZER,INE182A01018
PETRONET,INE347G01014
PFOCUS,INE367G01038
PFS,INE560K01014
PGEL,INE457L01029
PGHH,INE179A01014
PGHL,INE199A01012
PGIL,INE940H01022
PHOENIXLTD,INE211B01039
PIDILITIND,INE318A01026
PIGL,INE557Z01018
PIIND,INE603J01030
PILANIINVS,INE417C01014
PILITA,INE600A01035
PITTIENG,INE450D01021
PIONEEREMB,INE156C01018
PIXTRANS,INE751B01018
PKTEA,INE431F01018
PLASTIBLEN,INE083C01022
PLATIND,INE0PT501018
PLAZACABLE,INE0INJ01017
PNB,INE160A01022
PNBGILTS,INE859A01011
PNC,INE392B01011
PNBHOUSING,INE572E01012
PNCINFRA,INE195J01029
PNGJL,INE953R01016
PODDARMENT,INE371C01013
POCL,INE063E01053
POKARNA,INE637C01025
POLYCAB,INE455K01017
POLICYBZR,INE417T01026
POLYMED,INE205C01021
POLYPLEX,INE633B01018
PONNIERODE,INE838E01017
POONAWALLA,INE511C01022
POWERGRID,INE752E01010
POWERINDIA,INE07Y701011
POWERMECH,INE211R01019
PPL,INE050001010
PPAP,INE095I01015
PRABHA,INE0I0M01023
PPLPHARMA,INE0DK501011
PRAENG,INE505C01016
PRAKASHSTL,INE696K01024
PRAKASH,INE603A01013
PRAXIS,INE546Y01022
PRECOT,INE283A01014
PRECAM,INE484I01029
PRECWIRE,INE372C01037
PREMIER,INE342A01018
PREMEXPLN,INE863B01029
PREMIERENE,INE0BS701011
PRESTIGE,INE811K01011
PREMIERPOL,INE309M01020
PRICOLLTD,INE726V01018
PRIMESECU,INE032B01021
PRINCEPIPE,INE689W01016
PRIMO,INE607A01022
PRITI,INE974Z01015
PRIVISCL,INE959A01019
PRITIKAUTO,INE583R01029
PROTEAN,INE004A01022
PROZONER,INE195N01013
PRSMJOHNSN,INE010A01011
PRUDENT,INE00F201020
PRUDMOULI,INE024D01016
PSPPROJECT,INE488V01015
PSB,INE608A01012
PTCIL,INE596F01018
PTL,INE034D01049
PTC,INE877F01012
PURVA,INE323I01011
PVP,INE362A01016
PUNJABCHEM,INE277B01014
PVRINOX,INE191H01014
PVSL,INE772T01024
PYRAMID,INE0MIS01010
QPOWER,INE0SII01026
QUADFUTURE,INE0LRY01011
QUESS,INE615P01015
QUICKHEAL,INE306L01010
RACE,INE084Q01012
RACLGEAR,INE704B01017
RADAAN,INE874F01027
RADHIKAJWE,INE583V01021
RADIANTCMS,INE855R01021
RADIOCITY,INE919I01024
PRAJIND,INE074A01025
RADICO,INE944F01028
RAILTEL,INE0DD101019
RAIN,INE855B01025
RAJESHEXPO,INE343B01030
RAINBOW,INE961O01016
RAJMET,INE00KV01022
RAJRATAN,INE451D01029
RAJRILTD,INE533D01032
RAJSREESUG,INE562B01019
RALLIS,INE613A01020
RAJTV,INE952H01027
RAMAPHO,INE809A01032
RAMANEWS,INE278B01020
RAMCOCEM,INE331A01037
RAMASTEEL,INE230R01035
RAMCOSYS,INE246B01019
RAMCOIND,INE614A01028
RAMKY,INE874I01013
RAMRAT,INE207E01023
RANASUG,INE625B01014
RATEGAIN,INE0CLI01024
RANEHOLDIN,INE384A01010
RATNAVEER,INE05CZ01011
RATNAMANI,INE703B01027
RAYMONDLSL,INE02ID01020
RAYMOND,INE301A01014
RBA,INE07T201019
RBLBANK,INE976G01028
RBZJEWEL,INE0PEQ01016
RCF,INE027A01015
RCOM,INE330H01018
RECLTD,INE020B01018
REDTAPE,INE0LXT01019
REFEX,INE056I01025
REDINGTON,INE891D01026
RELAXO,INE131B01039
RELCHEMQ,INE750D01016
RELIABLE,INE375Y01018
REGENCERAM,INE277C01012
RELIGARE,INE621H01010
RELIANCE,INE002A01018
RELINFRA,INE036A01016
RELTD,INE206N01018
REMSONSIND,INE474C01023
RENUKA,INE087H01022
REPCOHOME,INE612J01015
RESPONIND,INE688D01026
REPRO,INE461B01014
RGL,INE722H01024
RHFL,INE217K01011
RHIM,INE743M01012
RHL,INE508K01013
REPL,INE364Z01019
RIIL,INE046A01015
RICOAUTO,INE209B01025
RITCO,INE01EG01016
RISHABH,INE0N2P01017
RITES,INE320J01015
RKFORGE,INE399G01023
RKDL,INE722J01012
RKEC,INE786W01010
RML,INE050H01012
RKSWAMY,INE0NQ801033
ROHLTD,INE283H01019
ROLLT,INE927A01040
ROLEXRINGS,INE645S01016
ROLTA,INE293A01013
ROML,INE294G01026
ROSSARI,INE02A801020
ROSSELLIND,INE847C01020
ROSSTECH,INE0OJW01016
ROTO,INE535D01037
ROUTE,INE450U01017
RPGLIFE,INE105J01010
RPEL,INE912T01018
RPOWER,INE614G01033
RPPINFRA,INE324L01013
RPPL,INE760W01023
RPSGVENT,INE425Y01011
RRKABEL,INE777K01022
RSSOFTWARE,INE165B01029
RPTECH,INE0J1F01024
RTNINDIA,INE834M01019
RSWM,INE611A01016
RSYSTEMS,INE411H01032
RETAIL,INE03DD01011
RUBFILA,INE642C01025
RTNPOWER,INE399K01017
RUCHINFRA,INE413B01023
RUBYMILLS,INE301D01026
RUCHIRA,INE803H01014
RUPA,INE895B01021
RUSTOMJEE,INE263M01029
RVNL,INE415G01027
RUSHIL,INE573K01025
RVHL,INE09E501017
RVTH,INE0DAB01012
S&SPOWER,INE902B01017
SABTNL,INE416A01044
SABEVENTS,INE860T01019
SADBHAV,INE226H01026
SADBHIN,INE764L01010
SADHNANIQ,INE888C01040
SAFARI,INE429E01023
SAGARDEEP,INE976T01013
SAGCEM,INE229C01021
SAGILITY,INE0W2G01015
SAH,INE035801013
SAHYADRI,INE280H01015
SAIL,INE114A01011
SAILIFE,INE570L01029
SAKAR,INE732S01012
SAKHTISUG,INE623A01011
SAKSOFT,INE667G01023
SAKUMA,INE190H01024
SALASAR,INE170V01027
SALONA,INE498E01010
SALSTEEL,INE658G01014
SALZERELEC,INE457F01013
SAMBHAAV,INE699B01027
SAMHI,INE08U801020
SAMPANN,INE735M01018
SAMMAANCAP,INE148I01020
SANATHAN,INE0JPD01013
SANCO,INE782L01012
SANDHAR,INE278H01035
SANDUMA,INE149K01016
SANDESH,INE583B01015
SANGAMIND,INE495C01010
SANGINITA,INE753W01010
SANOFI,INE058A01010
SANGHVIMOV,INE989A01032
SANGHIIND,INE999B01013
SANOFICONR,INE0UOS01011
SANSERA,INE953O01021
SANSTAR,INE08NE01025
SANWARIA,INE890C01046
SAPPHIRE,INE806T01020
SARDAEN,INE385C01021
SAREGAMA,INE979A01025
SARLAPOLY,INE453D01025
SARVESHWAR,INE324X01026
SASKEN,INE231F01020
SASTASUNDR,INE019J01013
SATIA,INE170E01023
SATIN,INE836B01017
SATINDLTD,INE065D01027
SBC,INE04AK01028
SAURASHCEM,INE626A01014
SBCL,INE386D01027
SBFC,INE423Y01016
SBGLP,INE05ST01028
SBICARD,INE018E01016
SBILIFE,INE123W01016
SBIN,INE062A01020
SCHAEFFLER,INE513A01022
SCHAND,INE807K01035
SCI,INE109A01011
SCILAL,INE0PB301013
SCPL,INE501Y01019
SCHNEIDER,INE839M01018
SDBL,INE480C01038
SECMARK,INE0BTM01013
SEAMECLTD,INE497B01018
SECURKLOUD,INE650K01021
SELMC,INE105I01020
SELAN,INE818A01017
SEJALLTD,INE955I01044
SEMAC,INE617A01013
SENCO,INE602W01027
SEPC,INE964H01014
SEQUENT,INE807F01027
SENORES,INE0RB801010
SERVOTECH,INE782X01033
SESHAPAPER,INE630A01024
SETCO,INE878E01021
SETUINFRA,INE023M01027
SFL,INE916U01025
SGIL,INE00QT01015
SGL,INE353H01010
SGLTL,INE0M4D01010
SHAH,INE482J01021
SHAILY,INE151G01028
SHALBY,INE597J01018
SHAKTIPUMP,INE908D01010
SHAHALLOYS,INE640C01011
SHALPAINTS,INE849C01026
SHANKARA,INE274V01019
SHANTI,INE933X01016
SHANTIGEAR,INE631A01022
SHARDAMOTR,INE597I01028
SHARDACROP,INE221J01015
SHEKHAWATI,INE268L01046
SHAREINDIA,INE932X01026
SHEMAROO,INE363M01019
SHIVALIK,INE788J01021
SHIVAMAUTO,INE637H01024
SHILPAMED,INE790G01031
SHIVATEX,INE705C01020
SHOPERSTOP,INE498B01024
SHK,INE500L01026
SHIVAMILLS,INE644Y01017
SHREEPUSHK,INE712K01011
SHRADHA,INE715Y01031
SHREDIGCEM,INE232A01011
SHREECEM,INE070A01015
SHREERAMA,INE879A01019
SHREYANIND,INE231C01019
SHRIPISTON,INE526E01018
SHRENIK,INE632X01030
SHRIRAMFIN,INE721A01047
SHRIRAMPPS,INE217L01019
SHYAMCENT,INE979R01011
SHYAMMETL,INE810G01011
SHYAMTEL,INE635A01023
SICALLOG,INE075B01020
SIEMENS,INE003A01024
SIGIND,INE529F01035
SIGACHI,INE0D0K01022
SIGNATURE,INE903U01023
SIGMA,INE0A0S01010
SIGNPOST,INE0KGZ01021
SIKKO,INE112X01017
SIL,INE173A01025
SILINV,INE923A01015
SILGO,INE01II01013
SILLYMONKS,INE203Y01012
SILVERTUC,INE625X01018
SIMBHALS,INE748T01016
SINCLAIR,INE985A01022
SIMPLEXINF,INE059B01024
SINDHUTRAD,INE325D01025
SINTERCOM,INE129Z01016
SIS,INE285J01028
SIRCA,INE792Z01011
SIYSIL,INE076B01028
SITINET,INE965H01011
SJS,INE284S01014
SJVN,INE002L01015
SKFINDIA,INE640A01023
SKIPPER,INE439E01022
SKMEGGPROD,INE411D01015
SKYGOLD,INE01IU01018
SMARTLINK,INE178C01020
SMCGLOBAL,INE103C01036
SMLISUZU,INE294B01019
SMLT,INE017W01010
SMSLIFE,INE320X01016
SMSPHARMA,INE812G01025
SNOWMAN,INE734N01019
SOBHA,INE671H01015
SOFTTECH,INE728Z01015
SOLARA,INE624Z01016
SOLARINDS,INE343H01029
SOMANYCERA,INE355A01028
SOMATEX,INE314C01013
SOMICONVEY,INE323J01019
SONACOMS,INE073K01018
SONATSOFTW,INE269A01021
SONAMLTD,INE00LM01029
SOTL,INE035D01020
SOUTHBANK,INE683A01023
SPANDANA,INE572J01011
SOUTHWEST,INE980Y01015
SPAL,INE212I01016
SPCENET,INE970N01027
SPECTRUM,INE01EO01010
SPARC,INE232I01014
SPECIALITY,INE247M01014
SPIC,INE147A01011
SPENCERS,INE020801028
SPMLINFRA,INE937A01023
SPLPETRO,INE663A01033
SPLIL,INE978G01016
SPORTKING,INE885H01029
SRD,INE01NE01012
SREEL,INE099F01013
SRF,INE647A01010
SRHHYPOLTD,INE917H01012
SRGHFL,INE559N01010
SRPL,INE008Z01020
SRM,INE0R6Z01013
SSWL,INE802C01033
STALLION,INE0RYC01010
STANLEY,INE01A001028
SSDL,INE0PQ101010
STAR,INE939A01011
STARCEMENT,INE460H01021
STARTECK,INE992I01013
STCINDIA,INE655A01013
STARHEALTH,INE575P01011
STARPAPER,INE733A01018
STEELCAS,INE124E01020
STEL,INE577L01016
STEELCITY,INE395H01011
STERTOOLS,INE334A01023
STLTECH,INE089C01029
STEELXIND,INE503B01021
STOVEKRAFT,INE00IN01015
STYLAMIND,INE239C01020
STYRENIX,INE189B01011
SUBEXLTD,INE754A01055
STYLEBAAZA,INE01FR01028
SUDARSCHEM,INE659A01023
SUKHJITS,INE450E01029
SULA,INE142Q01026
SUBROS,INE287B01021
SUMICHEM,INE258G01013
SUMIT,INE748Z01013
SUNCLAY,INE0Q3R01026
SUMMITSEC,INE519C01017
SUNDARAM,INE108E01023
SUNDARMFIN,INE660A01013
SUNDRMBRAK,INE073D01013
SUNDRMFAST,INE387A01021
SUNDARMHLD,INE202Z01029
SUNFLAG,INE947A01014
SUNDROP,INE209A01019
SUNTECK,INE805D01034
SUNPHARMA,INE044A01036
SUNTV,INE424H01027
SUPERHOUSE,INE712B01010
SUPERSPIN,INE662A01027
SUPRAJIT,INE399C01030
SUPREME,INE822E01011
SUPREMEENG,INE319Z01021
SUPREMEIND,INE195A01028
SUPREMEINF,INE550H01011
SUPRIYA,INE07RO01027
SURAJEST,INE843S01025
SURAJLTD,INE713C01016
SURANASOL,INE272L01022
SURANAT&P,INE130B01031
SURYALAXMI,INE713B01026
SURYODAY,INE428Q01011
SURYAROSNI,INE335A01020
SUTLEJTEX,INE645H01027
SUULD,INE591Q01016
SUVEN,INE495B01038
SUVENPHAR,INE03QK01018
SUVIDHAA,INE018401013
SUYOG,INE442P01014
SVPGLOB,INE308E01029
SVLL,INE00CE01017
SWANENERGY,INE665A01038
SWARAJENG,INE277A01016
SWELECTES,INE409B01013
SWIGGY,INE00H001014
SUZLON,INE040H01021
SWSOLAR,INE00M201021
SYMPHONY,INE225D01027
SYNCOMF,INE312C01025
SYNGENE,INE398R01022
SYRMA,INE0DYJ01015
TAINWALCHM,INE123C01018
TAJGVK,INE586B01026
TAKE,INE142I01023
TALBROAUTO,INE187D01029
TANLA,INE483C01032
TARACHAND,INE555Z01020
TARAPUR,INE747K01017
TARC,INE0EK901012
TARIL,INE763I01026
TARSONS,INE144Z01023
TARMAT,INE924H01018
TASTYBITE,INE488B01017
TATACHEM,INE092A01019
TATACOMM,INE151A01013
TATACONSUM,INE192A01025
TATAINVEST,INE672A01018
TATAELXSI,INE670A01012
TATAPOWER,INE245A01021
SURAKSHA,INE877V01027
TATAMOTORS,INE155A01022
TATASTEEL,INE081A01020
TATATECH,INE142M01025
TBOTEK,INE673O01025
TATVA,INE0GK401011
TBZ,INE760L01018
TCIFINANCE,INE911B01018
TCI,INE688A01022
TCIEXP,INE586V01016
TCPLPACK,INE822C01015
TCS,INE467B01029
TEAMLEASE,INE985S01024
TDPOWERSYS,INE419M01027
TECHM,INE669C01036
TEGA,INE011K01018
TECHNOE,INE285K01026
TEMBO,INE869Y01010
TEJASNET,INE010J01012
TERASOFT,INE482B01010
TEXINFRA,INE435C01024
TEXMOPIPES,INE141K01013
TEXRAIL,INE621L01012
TFL,INE804H01012
TFCILTD,INE305A01015
THANGAMAYL,INE085J01014
TGBHOTELS,INE797H01018
THEJO,INE121N01019
THEINVEST,INE924D01017
THEMISMED,INE083B01024
THERMAX,INE152A01029
THOMASCOTT,INE480M01011
THOMASCOOK,INE332A01027
TI,INE133E01013
THYROCARE,INE594H01019
TICL,INE388G01026
TIIL,INE545H01011
TIJARIA,INE440L01017
TIINDIA,INE974X01010
TIL,INE806C01018
TIMESGTY,INE289C01025
TIMETECHNO,INE508G01029
TIMKEN,INE325A01013
TINNARUBR,INE015C01016
TIPSFILMS,INE0LQS01015
TIPSMUSIC,INE716B01029
TIRUPATIFL,INE319Y01024
TIRUMALCHM,INE338A01024
TITAGARH,INE615H01020
TITAN,INE280A01028
TMB,INE668A01016
TNPETRO,INE148A01019
TNPL,INE107A01015
TNTELE,INE141D01018
TOKYOPLAST,INE932C01012
TORNTPHARM,INE685A01028
TOLINS,INE0RWQ01014
TORNTPOWER,INE813H01021
TOTAL,INE336X01012
TOUCHWOOD,INE486Y01013
TPHQ,INE065J01024
TPLPLASTEH,INE413G01022
TRACXN,INE0HMF01019
TRANSRAILL,INE454P01035
TRANSWORLD,INE757B01015
TREEHOUSE,INE040M01013
TREJHARA,INE00CA01015
TRF,INE391D01019
TRENT,INE849A01020
TREL,INE0O3901029
TRIDENT,INE064C01022
TRIGYN,INE948A01012
TRIVENI,INE256C01024
TRITURBINE,INE152M01016
TRU,INE615R01029
TTKHLTCARE,INE910C01018
TTL,INE592B01024
TTKPRESTIG,INE690A01028
TTML,INE517B01013
TVSELECT,INE236G01019
TVSHLTD,INE105A01035
TVSMOTOR,INE494B01023
TVSSCS,INE395N01027
TVSSRICHAK,INE421C01016
TVTODAY,INE038F01029
TVVISION,INE871L01013
UBL,INE686F01025
UCOBANK,INE691A01018
UDAICEMENT,INE225C01029
UCAL,INE139B01016
UDS,INE851I01011
UFO,INE527H01019
UGARSUGAR,INE071E01023
UJJIVANSFB,INE551W01018
UFLEX,INE516A01017
ULTRACEMCO,INE481G01011
UMAEXPORTS,INE0GIU01018
UMANGDAIRY,INE864B01027
UMESLTD,INE240C01028
UMIYA-MRO,INE398B01018
UNICHEMLAB,INE351A01035
UNIDT,INE961D01019
UNIECOM,INE00U401027
UNIENTER,INE037A01022
UNIMECH,INE0U3I01011
UNIINFO,INE481Z01011
UNIONBANK,INE692A01016
UNITDSPR,INE854D01024
UNITECH,INE694A01020
UNITEDTEA,INE458F01011
UNIVASTU,INE562X01013
UNIPARTS,INE244O01017
UNIVCABLES,INE279A01012
UNOMINDA,INE405E01023
UPL,INE628A01036
URAVIDEF,INE568Z01015
URJA,INE550C01020
USHAMART,INE228A01035
USK,INE0N0Y01013
UTIAMC,INE094J01016
UTTAMSUGAR,INE786F01031
UTKARSHBNK,INE735W01017
UYFINCORP,INE152C01025
UGROCAP,INE583D01011
VADILALIND,INE694D01016
VAIBHAVGBL,INE884A01027
VAISHALI,INE972X01022
VAKRANGEE,INE051B01021
VALIANTLAB,INE0JWS01017
V2RETAIL,INE945H01013
VALIANTORG,INE565V01010
VARDHACRLC,INE116G01013
VARROC,INE665L01035
VARDMNPOLY,INE835A01029
VASCONEQ,INE893I01013
VASWANI,INE590L01019
VCL,INE098201036
VBL,INE200M01039
UNIVPHOTO,INE03V001013
VEEDOL,INE484C01030
VENKEYS,INE398A01010
VENTIVE,INE781S01027
VENUSPIPES,INE0JA001018
VENUSREM,INE411B01019
VEDL,INE205A01025
VERANDA,INE0IQ001011
VERTOZ,INE188Y01023
VESUVIUS,INE386A01015
VGUARD,INE951I01027
VETO,INE918N01018
VHL,INE701A01023
VHLTD,INE048C01025
VIDHIING,INE632C01026
VIJAYA,INE043W01024
VIJIFIN,INE159N01027
VIKASECO,INE806A01020
VIKASLIFE,INE161L01027
VIMTALABS,INE579C01029
VINATIORGA,INE410B01037
VINCOFE,INE498Q01014
VINDHYATEL,INE707A01012
VINEETLAB,INE505Y01010
VINNY,INE01KI01027
VINYLINDIA,INE250B01029
VIPIND,INE054A01027
VIPULLTD,INE946H01037
VIRINCHI,INE539B01017
VISASTEEL,INE286H01012
VISHNU,INE270I01022
VISAKAIND,INE392A01021
VISHWARAJ,INE430N01022
VLEGOV,INE03HW01020
VIVIDHA,INE370E01029
VLSFINANCE,INE709A01018
VMART,INE665J01013
VMM,INE01EA01019
VOLTAMP,INE540H01012
VOLTAS,INE226A01021
VPRPL,INE0AE001013
VRAJ,INE0S2V01010
VSSL,INE050M01012
VRLLOG,INE366I01010
VSTIND,INE710A01016
VSTL,INE0QTF01015
VSTTILLERS,INE764D01017
VTL,INE825A01020
WAAREEENER,INE377N01017
WAAREERTL,INE299N01021
WABAG,INE956G01038
WALCHANNAG,INE711A01022
WANBURY,INE107F01022
WEALTH,INE658T01017
WCIL,INE0CJF01024
WEBELSOLAR,INE855C01015
WEIZMANIND,INE080A01014
WELCORP,INE191B01025
WELENT,INE625G01013
WELINV,INE389K01018
VIPCLOTHNG,INE450G01024
WELSPUNLIV,INE192B01031
WENDT,INE274C01019
WEWIN,INE082W01014
WESTLIFE,INE274F01020
WHEELS,INE715A01015
WILLAMAGOR,INE210A01017
WINDLAS,INE0H5O01029
WHIRLPOOL,INE716A01013
WINSOME,INE784B01035
WINDMACHIN,INE052A01021
WIPL,INE215F01023
WONDERLA,INE066O01014
WIPRO,INE075A01022
WOCKPHARMA,INE049B01025
WSI,INE100D01014
WSTCSTPAPR,INE976A01021
WORTH,INE196Y01018
XCHANGING,INE692G01013
XELPMOC,INE01P501012
XPROINDIA,INE445C01015
XTGLOBAL,INE547B01028
YAARI,INE126M01010
YASHO,INE616Z01012
YATHARTH,INE0JO301016
YESBANK,INE528G01035
YATRA,INE0JR601024
YUKEN,INE384C01016
ZAGGLE,INE07K301024
ZEEL,INE256A01028
ZEELEARN,INE565L01011
ZEEMEDIA,INE966H01019
ZENITHEXPO,INE058B01018
WEL,INE02WG01024
ZENSARTECH,INE520A01027
ZENTEC,INE251B01027
ZENITHSTL,INE318D01020
ZFCVINDIA,INE342J01019
ZIMLAB,INE518E01015
ZODIAC,INE761Y01019
ZOTA,INE358U01012
ZODIACLOTH,INE206B01013
ZUARI,INE840M01016
ZUARIIND,INE217A01012
ZYDUSLIFE,INE010B01027
ZYDUSWELL,INE768C01010
