symbol,isin
360ONE,INE466L01038
3MINDIA,INE470A01017
ABB,INE117A01022
ACC,INE012A01025
ACMESOLAR,INE622W01025
AIAENG,INE212H01026
APLAPOLLO,INE702C01027
AUBANK,INE949L01017
AWL,INE699H01024
AADHARHFC,INE883F01010
AARTIIND,INE769A01020
AAVAS,INE216P01012
ABBOTINDIA,INE358A01014
ACE,INE731H01025
ADANIENSOL,INE931S01010
ADANIENT,INE423A01024
ADANIGREEN,INE364U01010
ADANIPORTS,INE742F01042
ADANIPOWER,INE814H01011
ATGL,INE399L01023
ABCAPITAL,INE674K01013
ABFRL,INE647O01011
ABREL,INE055A01016
ABSLAMC,INE404A01024
AEGISLOG,INE208C01025
AFCONS,INE101I01011
AFFLE,INE00WC01027
AJANTPHARM,INE031B01049
AKUMS,INE09XN01023
APLLTD,INE901L01018
ALIVUS,INE03Q201024
ALKEM,INE540L01014
ALKYLAMINE,INE150B01039
ALOKINDS,INE270A01029
ARE&M,INE885A01032
AMBER,INE371P01015
AMBUJACEM,INE079A01024
ANANDRATHI,INE463V01026
ANANTRAJ,INE242C01024
ANGELONE,INE732I01013
APARINDS,INE372A01015
APOLLOHOSP,INE437A01024
APOLLOTYRE,INE438A01022
APTUS,INE852O01025
ASAHIINDIA,INE439A01020
ASHOKLEY,INE208A01029
ASIANPAINT,INE021A01026
ASTERDM,INE914M01019
ASTRAZEN,INE203A01020
ASTRAL,INE006I01046
ATUL,INE100A01010
AUROPHARMA,INE406A01037
AIIL,INE206F01022
DMART,INE192R01011
AXISBANK,INE238A01034
BASF,INE373A01013
BEML,INE258A01016
BLS,INE153T01027
BSE,INE118H01025
BAJAJ-AUTO,INE917I01010
BAJFINANCE,INE296A01024
BAJAJFINSV,INE918I01026
BAJAJHLDNG,INE118A01012
BAJAJHFL,INE377Y01014
BALKRISIND,INE787D01026
BALRAMCHIN,INE119A01028
BANDHANBNK,INE545U01014
BANKBARODA,INE028A01039
BANKINDIA,INE084A01016
MAHABANK,INE457A01014
BATAINDIA,INE176A01028
BAYERCROP,INE462A01022
BERGEPAINT,INE463A01038
BDL,INE171Z01026
BEL,INE263A01024
BHARATFORG,INE465A01025
BHEL,INE257A01026
BPCL,INE029A01011
BHARTIARTL,INE397D01024
BHARTIHEXA,INE343G01021
BIKAJI,INE00E101023
BIOCON,INE376G01013
BSOFT,INE836A01035
BLUEDART,INE233B01017
BLUESTARCO,INE472A01039
BBTC,INE050A01025
BOSCHLTD,INE323A01026
FIRSTCRY,INE02RE01045
BRIGADE,INE791I01019
BRITANNIA,INE216A01030
MAPMYINDIA,INE0BV301023
CCL,INE421D01022
CESC,INE486A01021
CGPOWER,INE067A01029
CRISIL,INE007A01025
CAMPUS,INE278Y01022
CANFINHOME,INE477A01020
CANBK,INE476A01022
CAPLIPOINT,INE475E01026
CGCL,INE180C01042
CARBORUNIV,INE120A01034
CASTROLIND,INE172A01027
CEATLTD,INE482A01020
CENTRALBK,INE483A01010
CDSL,INE736A01011
CENTURYPLY,INE348B01021
CERA,INE739E01017
CHALET,INE427F01016
CHAMBLFERT,INE085A01013
CHENNPETRO,INE178A01016
CHOLAHLDNG,INE149A01033
CHOLAFIN,INE121A01024
CIPLA,INE059A01026
CUB,INE491A01021
CLEAN,INE227W01023
COALINDIA,INE522F01014
COCHINSHIP,INE704P01025
COFORGE,INE591G01017
COLPAL,INE259A01022
CAMS,INE596I01012
CONCORDBIO,INE338H01029
CONCOR,INE111A01025
COROMANDEL,INE169A01031
CRAFTSMAN,INE00LO01017
CREDITACC,INE741K01010
CROMPTON,INE299U01018
CUMMINSIND,INE298A01020
CYIENT,INE136B01020
DCMSHRIRAM,INE499A01024
DLF,INE271C01023
DOMS,INE321T01012
DABUR,INE016A01026
DALBHARAT,INE00R701025
DATAPATTNS,INE0IX101010
DEEPAKFERT,INE501A01019
DEEPAKNTR,INE288B01029
DELHIVERY,INE148O01028
DEVYANI,INE872J01023
DIVISLAB,INE361B01024
DIXON,INE935N01020
LALPATHLAB,INE600L01024
DRREDDY,INE089A01031
EIDPARRY,INE126A01031
EIHOTEL,INE230A01023
EICHERMOT,INE066A01021
ELECON,INE205B01031
ELGIEQUIP,INE285A01027
EMAMILTD,INE548C01032
EMCURE,INE168P01015
ENDURANCE,INE913H01037
ENGINERSIN,INE510A01028
ERIS,INE406M01024
ESCORTS,INE042A01014
ETERNAL,INE758T01015
EXIDEIND,INE302A01020
NYKAA,INE388Y01029
FEDERALBNK,INE171A01029
FACT,INE188A01015
FINCABLES,INE235A01022
FINPIPE,INE183A01024
FSL,INE684F01012
FIVESTAR,INE128S01021
FORTIS,INE061F01013
GAIL,INE129A01019
GVT&D,INE200A01026
GMRAIRPORT,INE776C01039
GRSE,INE382Z01011
GICRE,INE481Y01014
GILLETTE,INE322A01010
GLAND,INE068V01023
GLAXO,INE159A01016
GLENMARK,INE935A01035
MEDANTA,INE474Q01031
GODIGIT,INE03JT01014
GPIL,INE177H01039
GODFRYPHLP,INE260B01028
GODREJAGRO,INE850D01014
GODREJCP,INE102D01028
GODREJIND,INE233A01035
GODREJPROP,INE484J01027
GRANULES,INE101D01020
GRAPHITE,INE371A01025
GRASIM,INE047A01021
GRAVITA,INE024L01027
GESHIP,INE017A01032
FLUOROCHEM,INE09N301011
GUJGASLTD,INE844O01030
GMDCLTD,INE131A01031
GNFC,INE113A01013
GPPL,INE517F01014
GSPL,INE246F01010
HEG,INE545A01024
HBLENGINE,INE292B01021
HCLTECH,INE860A01027
HDFCAMC,INE127D01025
HDFCBANK,INE040A01034
HDFCLIFE,INE795G01014
HFCL,INE548A01028
HAPPSTMNDS,INE419U01012
HAVELLS,INE176B01034
HEROMOTOCO,INE158A01026
HSCL,INE019C01026
HINDALCO,INE038A01020
HAL,INE066F01020
HINDCOPPER,INE531E01026
HINDPETRO,INE094A01015
HINDUNILVR,INE030A01027
HINDZINC,INE267A01025
POWERINDIA,INE07Y701011
HOMEFIRST,INE481N01025
HONASA,INE0J5401028
HONAUT,INE671A01010
HUDCO,INE031A01017
HYUNDAI,INE0V6F01027
ICICIBANK,INE090A01021
ICICIGI,INE765G01017
ICICIPRULI,INE726G01019
IDBI,INE008A01015
IDFCFIRSTB,INE092T01019
IFCI,INE039A01010
IIFL,INE530B01024
INOXINDIA,INE616N01034
IRB,INE821I01022
IRCON,INE962Y01021
ITC,INE154A01025
ITI,INE248A01017
INDGN,INE065X01017
INDIACEM,INE383A01012
INDIAMART,INE933S01016
INDIANB,INE562A01011
IEX,INE022Q01020
INDHOTEL,INE053A01029
IOC,INE242A01010
IOB,INE565A01014
IRCTC,INE335Y01020
IRFC,INE053F01010
IREDA,INE202E01016
IGL,INE203G01027
INDUSTOWER,INE121J01017
INDUSINDBK,INE095A01012
NAUKRI,INE663F01024
INFY,INE009A01021
INOXWIND,INE066P01011
INTELLECT,INE306R01017
INDIGO,INE646L01027
IGIL,INE0Q9301021
IKS,INE115Q01022
IPCALAB,INE571A01038
JBCHEPHARM,INE572A01036
JKCEMENT,INE823G01014
JBMA,INE927D01051
JKTYRE,INE573A01042
JMFINANCIL,INE780C01023
JSWENERGY,INE121E01018
JSWHL,INE824G01012
JSWINFRA,INE880J01026
JSWSTEEL,INE019A01038
JPPOWER,INE351F01018
J&KBANK,INE168A01041
JINDALSAW,INE324A01032
JSL,INE220G01021
JINDALSTEL,INE749A01030
JIOFIN,INE758E01017
JUBLFOOD,INE797F01020
JUBLINGREA,INE0BY001018
JUBLPHARMA,INE700A01033
JWL,INE209L01016
JUSTDIAL,INE599M01018
JYOTHYLAB,INE668F01031
JYOTICNC,INE980O01024
KPRMILL,INE930H01031
KEI,INE878B01027
KNRCON,INE634I01029
KPITTECH,INE04I401011
KAJARIACER,INE217B01036
KPIL,INE220B01022
KALYANKJIL,INE303R01014
KANSAINER,INE531A01024
KARURVYSYA,INE036D01028
KAYNES,INE918Z01012
KEC,INE389H01022
KFINTECH,INE138Y01010
KIRLOSBROS,INE732A01036
KIRLOSENG,INE146L01010
KOTAKBANK,INE237A01028
KIMS,INE967H01025
LTF,INE498L01015
LTTS,INE010V01017
LICHSGFIN,INE115A01026
LTFOODS,INE818H01020
LTIM,INE214T01019
LT,INE018A01030
LATENTVIEW,INE0I7C01011
LAURUSLABS,INE947Q01028
LEMONTREE,INE970X01018
LICI,INE0J1Y01017
LINDEINDIA,INE473A01011
LLOYDSME,INE281B01032
LUPIN,INE326A01037
MMTC,INE123F01029
MRF,INE883A01011
LODHA,INE670K01029
MGL,INE002S01010
MAHSEAMLES,INE271B01025
M&MFIN,INE774D01024
M&M,INE101A01026
MANAPPURAM,INE522D01027
MRPL,INE103A01014
MANKIND,INE634S01028
MARICO,INE196A01026
MARUTI,INE585B01010
MASTEK,INE759A01021
MFSL,INE180A01020
MAXHEALTH,INE027H01010
MAZDOCK,INE249Z01020
METROPOLIS,INE112L01020
MINDACORP,INE842C01021
MSUMI,INE0FS801015
MOTILALOFS,INE338I01027
MPHASIS,INE356A01018
MCX,INE745G01035
MUTHOOTFIN,INE414G01012
NATCOPHARM,INE987B01026
NBCC,INE095N01031
NCC,INE868B01028
NHPC,INE848E01016
NLCINDIA,INE589A01014
NMDC,INE584A01023
NSLNISP,INE0NNS01018
NTPCGREEN,INE0ONG01011
NTPC,INE733E01010
NH,INE410P01011
NATIONALUM,INE139A01034
NAVA,INE725A01030
NAVINFLUOR,INE048G01026
NESTLEIND,INE239A01024
NETWEB,INE0NT901020
NETWORK18,INE870H01013
NEULANDLAB,INE794A01010
NEWGEN,INE619B01017
NAM-INDIA,INE298J01013
NIVABUPA,INE995S01015
NUVAMA,INE531F01015
OBEROIRLTY,INE093I01010
ONGC,INE213A01029
OIL,INE274J01014
OLAELEC,INE0LXG01040
OLECTRA,INE260D01016
PAYTM,INE982J01020
OFSS,INE881D01027
POLICYBZR,INE417T01026
PCBL,INE602A01031
PGEL,INE457L01029
PIIND,INE603J01030
PNBHOUSING,INE572E01012
PNCINFRA,INE195J01029
PTCIL,INE596F01018
PVRINOX,INE191H01014
PAGEIND,INE761H01022
PATANJALI,INE619A01035
PERSISTENT,INE262H01021
PETRONET,INE347G01014
PFIZER,INE182A01018
PHOENIXLTD,INE211B01039
PIDILITIND,INE318A01026
PEL,INE140A01024
PPLPHARMA,INE0DK501011
POLYMED,INE205C01021
POLYCAB,INE455K01017
POONAWALLA,INE511C01022
PFC,INE134E01011
POWERGRID,INE752E01010
PRAJIND,INE074A01025
PREMIERENE,INE0BS701011
PRESTIGE,INE811K01011
PNB,INE160A01022
RRKABEL,INE777K01022
RBLBANK,INE976G01028
RECLTD,INE020B01018
RHIM,INE743M01012
RITES,INE320J01015
RADICO,INE944F01028
RVNL,INE415G01027
RAILTEL,INE0DD101019
RAINBOW,INE961O01016
RKFORGE,INE399G01023
RCF,INE027A01015
RTNINDIA,INE834M01019
RAYMONDLSL,INE02ID01020
RAYMOND,INE301A01014
REDINGTON,INE891D01026
RELIANCE,INE002A01018
RPOWER,INE614G01033
ROUTE,INE450U01017
SBFC,INE423Y01016
SBICARD,INE018E01016
SBILIFE,INE123W01016
SJVN,INE002L01015
SKFINDIA,INE640A01023
SRF,INE647A01010
SAGILITY,INE0W2G01015
SAILIFE,INE570L01029
SAMMAANCAP,INE148I01020
MOTHERSON,INE775A01035
SAPPHIRE,INE806T01020
SARDAEN,INE385C01021
SAREGAMA,INE979A01025
SCHAEFFLER,INE513A01022
SCHNEIDER,INE839M01018
SCI,INE109A01011
SHREECEM,INE070A01015
RENUKA,INE087H01022
SHRIRAMFIN,INE721A01047
SHYAMMETL,INE810G01011
SIEMENS,INE003A01024
SIGNATURE,INE903U01023
SOBHA,INE671H01015
SOLARINDS,INE343H01029
SONACOMS,INE073K01018
SONATSOFTW,INE269A01021
STARHEALTH,INE575P01011
SBIN,INE062A01020
SAIL,INE114A01011
SWSOLAR,INE00M201021
SUMICHEM,INE258G01013
SUNPHARMA,INE044A01036
SUNTV,INE424H01027
SUNDARMFIN,INE660A01013
SUNDRMFAST,INE387A01021
SUPREMEIND,INE195A01028
SUVENPHAR,INE03QK01018
SUZLON,INE040H01021
SWANENERGY,INE665A01038
SWIGGY,INE00H001014
SYNGENE,INE398R01022
SYRMA,INE0DYJ01015
TBOTEK,INE673O01025
TVSMOTOR,INE494B01023
TANLA,INE483C01032
TATACHEM,INE092A01019
TATACOMM,INE151A01013
TCS,INE467B01029
TATACONSUM,INE192A01025
TATAELXSI,INE670A01012
TATAINVEST,INE672A01018
TATAMOTORS,INE155A01022
TATAPOWER,INE245A01021
TATASTEEL,INE081A01020
TATATECH,INE142M01025
TTML,INE517B01013
TECHM,INE669C01036
TECHNOE,INE285K01026
TEJASNET,INE010J01012
NIACL,INE470Y01017
RAMCOCEM,INE331A01037
THERMAX,INE152A01029
TIMKEN,INE325A01013
TITAGARH,INE615H01020
TITAN,INE280A01028
TORNTPHARM,INE685A01028
TORNTPOWER,INE813H01021
TARIL,INE763I01026
TRENT,INE849A01020
TRIDENT,INE064C01022
TRIVENI,INE256C01024
TRITURBINE,INE152M01016
TIINDIA,INE974X01010
UCOBANK,INE691A01018
UNOMINDA,INE405E01023
UPL,INE628A01036
UTIAMC,INE094J01016
ULTRACEMCO,INE481G01011
UNIONBANK,INE692A01016
UBL,INE686F01025
UNITDSPR,INE854D01024
USHAMART,INE228A01035
VGUARD,INE951I01027
DBREALTY,INE879I01012
VTL,INE825A01020
VBL,INE200M01039
MANYAVAR,INE825V01034
VEDL,INE205A01025
VIJAYA,INE043W01024
VMM,INE01EA01019
IDEA,INE669E01016
VOLTAS,INE226A01021
WAAREEENER,INE377N01017
WELCORP,INE191B01025
WELSPUNLIV,INE192B01031
WESTLIFE,INE274F01020
WHIRLPOOL,INE716A01013
WIPRO,INE075A01022
WOCKPHARMA,INE049B01025
YESBANK,INE528G01035
ZFCVINDIA,INE342J01019
ZEEL,INE256A01028
ZENTEC,INE251B01027
ZENSARTECH,INE520A01027
ZYDUSLIFE,INE010B01027
ECLERX,INE738I01010
